name,ticker,figi
ЭнергоТехСервис 001P-05,ru000a107d74,TCS00A107D74
Казахстан выпуск 11,ru000a101rz3,BBG00XH4W3N3
Банк Открытие БО-П выпуск 7,ru000a102r73,BBG00Z8KGGC3
ДОМ.РФ ИА 018P,ru000a102d46,TCS00A102D46
ПР-Лизинг 002P-01,ru000a1022e6,ISSUANCEPRLS
Урожай серия 3,ru000a106j04,TCS00A106J04
Азбука Вкуса выпуск 2,ru000a105wr1,TCS00A105WR1
Россети 1P-08R,ru000a105vq5,TCS00A105VQ5
Сегежа Групп 003P-04R,ru000a108991,TCS00A108991
Газпромбанк 1Р-26P,ru000a1064g3,TCS00A1064G3
ОФЗ 29017,su29017rmfs9,BBG00XV43CN9
НЗРМ БО-01,ru000a104ep6,BBG014LH73G8
Сбербанк,ru000a103661,BBG011K06JZ7
КарМани 002P-01,ru000a1087g4,TCS00A1087G4
ВТБ СУБ выпуск 1,ru000a102qj7,BBG00Z8KXRV9
РЕСО-Лизинг БО-П-25,ru000a108c74,TCS00A108C74
ГТЛК ЗО26-Д,ru000a107aq5,TCS00A107AQ5
ОФЗ 26241,su26241rmfs8,BBG01BJBR2W0
Газпром Капитал БО-001Р-07,ru000a105ge2,TCS00A105GE2
ГТЛК 1P-08,ru000a0zyr91,BBG00JYHMLM8
Совкомбанк 1В02,ru000a0zyx28,TCS10A0ZYX28
КЛВЗ Кристалл выпуск 1,ru000a105y14,TCS00A105Y14
Артген выпуск 1,ru000a103dt2,TCS00A103DT2
ПОЛЮС ПБО-04,ru000a108l81,TCS00A108L81
РЕГИОНСПЕЦТРАНС-01,ru000a109nm3,TCS20A109NM3
РЖД 001Р выпуск 2,ru000a0jxq44,BBG00GK3W839
Пионер-Лизинг-БО-П04,ru000a102lf6,BBG00YQ6NDD5
КИФА выпуск 1,ru000a106ev9,TCS00A106EV9
МФК ВЭББАНКИР 07,ru000a109890,TCS00A109890
ОФЗ 46023,su46023rmfs6,BBG0024TRF04
ИЛС БО-01-001P,ru000a107bh2,TCS00A107BH2
АПРИ Флай Плэнинг БО-П5,ru000a103n19,BBG012F27YT0
РусГидро БО-П06,ru000a1057p8,TCS00A1057P8
ДОМ.РФ,ru000a105mn1,TCS00A105MN1
Свердловская область выпуск 4,ru000a0zydu3,BBG00HY5JWH4
ОФЗ 26230,su26230rmfs1,BBG00PBZNWM4
МФК Эйрлоанс выпуск 1,ru000a1043l7,TCS00A1043L7
Биннофарм Групп выпуск 1,ru000a1043z7,TCS00A1043Z7
РусГидро выпуск 11,ru000a106gd2,BBG01HB90GP6
АФК Система выпуск 17,ru000a102ft9,TCS00A102FT9
М.Видео выпуск 5,ru000a109908,TCS00A109908
Credit Bank of Moscow,xs1589106910,BBG00G9DSXZ5
Европлан БО 05,ru000a1004k1,BBG00NHJGKN2
Калининградская область выпуск 4,ru000a104bc0,BBG0148NSWQ2
Ростелеком 002P выпуск 8,ru000a104vs4,TCS00A104VS4
Ульяновская область 34008,ru000a1087f6,TCS00A1087F6
Европлан 001Р-05,ru000a105518,TCS00A105518
ЕАБР выпуск 3Р-007,ru000a1064l3,TCS00A1064L3
ОФЗ 29009,su29009rmfs6,BBG007Z5F748
Газпром капитал ЗО24-1-Е,ru000a105c51,TCS00A105C51
Аренза-Про 001P-05,ru000a1097c2,TCS00A1097C2
РУСАЛ Братск выпуск 1,ru000a0jwdn6,BBG00CNJBLC4
ВЭБ.РФ ПБО-001Р-19,ru000a101tb0,BBG00VL8HTK6
Алроса оббП01,ru000a109l49,TCS00A109L49
МигКредит БО-02,ru000a106kt0,TCS00A106KT0
Домодедово Фьюэл Фасилитис ЗО28,ru000a108y11,TCS70A108Y11
Новые Технологии БО-03,ru000a1082w2,TCS00A1082W2
ЯТЭК выпуск 2,ru000a102zh2,BBG00ZZNPB92
РЖД 001Р выпуск 20,ru000a101m04,BBG00TGK62V9
Гарант-Инвест 2Р выпуск 5,ru000a105gv6,TCS00A105GV6
СОЛИД СпецАвтоТехЛизинг 01,ru000a109na8,TCS00A109NA8
АФК Система 001Р-31,ru000a1098f3,TCS00A1098F3
Газпром нефть ПАО 003P-02R,ru000a1017j5,BBG00R4XLRN5
РЖД ЗО28-2-ФР,ru000a1089w7,BBG01NBL9N72
НОВАТЭК выпуск 1,ru000a106938,TCS00A106938
ИКС 5 ФИНАНС 003P-03,ru000a107aj0,TCS00A107AJ0
АФК Система выпуск 1,ru000a0jvuk8,BBG00B4MWD80
ЭкономЛизинг 001Р-04,ru000a1067t9,TCS01A1067T9
ГТЛК выпуск 7,ru000a0zyny4,BBG00JRTXBC1
Асфальтобетонный завод № 1 выпуск 4,ru000a1065b1,TCS00A1065B1
РЖД 001Р выпуск 5,ru000a0zyu05,BBG00K2B2M16
ОФЗ 29014,su29014rmfs6,BBG00VY13C74
МБЭС 1P-01,ru000a100vx2,BBG00QKJ0N89
Банк ВТБ (ПАО) Б-1-351,ru000a107w55,BBG01LT21VX0
Москва выпуск 73,ru000a1030t7,BBG010JBJ976
ФСК Россети БО-4,ru000a0zyj91,BBG00JDS8JM8
ХКФ Банк выпуск 7,ru000a102rf3,BBG00Z84TTZ2
МГКЛ выпуск 4,ru000a106mv2,BBG01HQHKMJ4
Почта России,ru000a101zh4,BBG00WH118P2
ЛСР выпуск 8,ru000a106888,TCS00A106888
ГТЛК 001 выпуск 6,ru000a0zyap9,BBG00HRWVV81
Росагролизинг 001Р-04,ru000a107dm8,BBG01KN3YBL7
Росагролизинг 002Р-01,ru000a108kt6,TCS00A108KT6
ОФЗ 26237,su26237rmfs6,BBG011FJ6573
Credit Bank of Moscow,xs2099763075,BBG00RHTYB60
Ульяновская область 34006,ru000a1077u6,TCS00A1077U6
СФО ВТБ РКС Эталон,ru000a105g99,TCS00A105G99
АйДи Коллект выпуск 6,ru000a107c34,TCS00A107C34
Озон выпуск 2,ru000a106rj6,TCS00A106RJ6
Роснефть 2Р-13,ru000a105zc6,TCS00A105ZC6
Южуралзолото ГК 1P-03,ru000a106656,TCS00A106656
Республика Башкортостан 34013,ru000a106ft0,BBG01HB67N61
Russia 2036 EUR,ru000a1034k8,RU000A1034K8
Russia 2027,ru000a0jxts9,RU000A0JXTS9
Гидромашсервис выпуск 1,ru000a105q89,TCS00A105Q89
Нижегородская область выпуск 16,ru000a1043k9,BBG013PZT8B6
Gazprom,xs0191754729,BBG00008WPG3
МТС 002Р-05,ru000a1083w0,TCS00A1083W0
РусГидро,ru000a105hc4,TCS00A105HC4
РКК выпуск 1,ru000a105vp7,TCS00A105VP7
Belarus,xs1634369224,BBG00GXQKMJ9
Газпром Капитал ЗО25-1-Е,ru000a105vl6,TCS00A105VL6
Lukoil,xs2159874002,BBG00TJF05J0
Рекорд трейд БО-01,ru000a1082m3,BBG01M5DW5F3
Сегежа Групп 003P-02R,ru000a105sp3,TCS00A105SP3
МТС 002P-02,ru000a1078s8,TCS00A1078S8
Новотранс выпуск 2,ru000a103133,TCS00A103133
Лизинг-Трейд выпуск 9,ru000a106gb6,TCS00A106GB6
Газпром нефть 003P-05R,ru000a105kp0,TCS00A105KP0
Атомэнергопром 001P-02,ru000a105k85,TCS00A105K85
МТС выпуск 14,ru000a101fh6,BBG00RTTRKD7
Новотранс выпуск 3,ru000a105cm4,TCS00A105CM4
МКБ ЗО2017,ru000a108lx6,BBG01N7PPF68
РУСАЛ БО-001Р-10,ru000a109jz3,TCS00A109JZ3
ОФЗ 29022,su29022rmfs9,BBG01BJBTTH6
Маныч-Агро выпуск 1,ru000a1032d7,TCS01A1032D7
Новабев Групп БО-П06,ru000a108ca3,TCS00A108CA3
ОФЗ 29020,su29020rmfs3,BBG00Y4SQ1Y1
Ника (ООО) 001P-03,ru000a107sh6,TCS70A107SH6
Газпром Нефть 003P-08R,ru000a107hg1,TCS00A107HG1
РЖД выпуск 32,ru000a0jsgv0,BBG0036YHM96
Сбербанк,ru000a103wv8,TCS00A103WV8
ЕвроТранс,ru000a105pp9,TCS00A105PP9
Славянск ЭКО выпуск 1,ru000a103wb0,BBG01338VXJ4
МФК ВЭББАНКИР выпуск 1,ru000a103f43,BBG011XYBDN9
Проект 111 001Р-01,ru000a106u90,BBG01J99MBX3
Газпром капитал БО-001Р выпуск 3,ru000a101qm3,BBG00V93CKD3
ПЗ Пушкинское выпуск 1,ru000a104jf6,BBG015C3V4J4
РусГидро БО-П08,ru000a105mw2,TCS00A105MW2
РЕСО-Лизинг БО-П выпуск 03,issuancereso,ISSUANCERESO
АПРИ Флай Плэнинг выпуск 3,ru000a106wz2,TCS00A106WZ2
ВЭБ.РФ ПБО-002Р-36,ru000a105yh8,TCS00A105YH8
Логитерра-КО-П01,ru000a107nk1,TCS10A107NK1
Фордевинд 02,ru000a106dk4,TCS00A106DK4
Селигдар GOLD02,ru000a106xd7,TCS00A106XD7
ОФЗ 29018,su29018rmfs7,BBG00Y28DH67
Восточная Стивидорная Компания выпуск 3,ru000a105kr6,TCS00A105KR6
GMK NorNickel 2024,xs2069992258,TCS169992258
Трансмашхолдинг ПБО-04,ru000a1018c8,BBG00R6WV4J0
СФО СБ Секьюритизация Класс А,ru000a1097t6,TCS00A1097T6
СЕЛЛ-Сервис БО-01,ru000a107gt6,BBG01KS10DZ4
ВЭБ.РФ ПБО-2 выпуск 31,ru000a1042w6,TCS00A1042W6
Novabev Group БО-П03,ru000a1015e0,BBG00R2FH979
Газпром капитал БО-002Р-12,ru000a107t27,TCS10A107T27
ОФЗ 26212,su26212rmfs9,BBG00425VG07
Ульяновская область 34005,ru000a106607,TCS00A106607
ПИМ выпуск 2,ru000a106nt4,TCS00A106NT4
ОФЗ 29008,su29008rmfs8,BBG007Z5DZS2
АФК Система выпуск 12,ru000a101012,BBG00QTDV828
Эфферон выпуск 1,ru000a105h98,TCS00A105H98
ОФЗ 29025,su29025rmfs2,BBG01JM5P9G7
Истринская Сыроварня выпуск 2,ru000a106sl0,BBG01J7SQ5D4
СЕЛЛ-Сервис БО-П02,ru000a106c50,TCS00A106C50
ОФЗ 26243,su26243rmfs4,TCS00A106E90
Интерлизинг 001Р-08,ru000a108al4,TCS00A108AL4
Металлоинвест CNY 1Р-02,ru000a1057d4,TCS00A1057D4
СУЭК-Финанс выпуск 3,ru000a100vg7,BBG00QFLCT66
Самарская область 35015,ru000a1020l5,BBG00WLLSRP2
Новабев Групп БО-П07,ru000a1099a2,TCS00A1099A2
Вымпелком 1Р-07,ru000a105wp5,TCS00A105WP5
Эталон Финанс 002P-02,ru000a109sp5,TCS80A109SP5
Нафтатранс Плюс БО-04,ru000a105cf8,TCS00A105CF8
ДиректЛизинг 002P-01,ru000a106gy8,BBG01HCSNJD5
Газпром нефть 003P-13R,ru000a109b33,TCS00A109B33
Газпромбанк 005P-02P,ru000a107f49,BBG01KR58B73
АФК Система выпуск 6,ru000a0jxn21,BBG00GF6BJZ2
Европлан БО 08,ru000a0zzbv2,BBG00L9H7QZ3
ВУШ 001Р-03,ru000a109hx2,TCS10A109HX2
Глоракс 001P-02,ru000a108132,TCS00A108132
Совкомфлот ЗО-2028,ru000a105a87,TCS00A105A87
Тойота Банк выпуск 5,ru000a104l36,TCS00A104L36
РЖД ЗО26-1-ФР,ru000a1084s6,BBG01N376KQ0
СОПФ Инфраструктурные облигации выпуск 8,ru000a107tk8,TCS00A107TK8
ИКС 5 ФИНАНС 003P-04,ru000a107wl0,BBG01LXYNYC8
ГТЛК БО-04,ru000a0jva10,BBG0089PCRC1
Смартфакт БО-02-001P,ru000a107ep9,TCS00A107EP9
ЛК Эволюция 001P-01,ru000a107gv2,TCS00A107GV2
Быстроденьги 002P-06,ru000a108f63,TCS00A108F63
Краснодарский край выпуск 2,ru000a0zz8x4,BBG00L2L5GP6
Газпромбанк 005Р-04Р,ru000a1097s8,TCS00A1097S8
Делимобиль выпуск 1,ru000a1052t1,TCS00A1052T1
Пионер-Лизинг 02,ru000a1090h6,TCS00A1090H6
Синара - Транспортные Машины выпуск 2,ru000a103g00,BBG011YQCC65
Ритейл Бел Финанс 001P-02,ru000a102tr4,TCS00A102TR4
ДОМ.РФ ИА 006P,ru000a0zzv86,BBG00MMJ90B3
МКБ ЗО-2026-02,ru000a107vv1,BBG01LS40M22
О'КЕЙ выпуск 2,ru000a1009z8,BBG00NZHNQH2
ГТЛК выпуск 13,ru000a1003a4,BBG00N9Q06D4
Руссойл БО-01,ru000a1074e7,TCS00A1074E7
ХКФ Банк выпуск 4,ru000a103760,BBG011BV60Q0
РЖД БО 001Р-26R,ru000a106k43,TCS00A106K43
Солид-Лизинг БО-001-07,ru000a105p07,TCS00A105P07
Ростелеком 001P-01R,ru000a0jwtn2,TCS20A0JWTN2
МБЭС 002P-02,ru000a107ds5,BBG01KP65WH9
Легенда выпуск 4,ru000a102y66,TCS00A102Y66
Russia 2032 EUR,ru000a102cl3,TCS00A102CL3
Лизинг-Трейд выпуск 4,ru000a104xe0,TCS00A104XE0
МФК Лайм-Займ выпуск 2,ru000a105aj4,TCS00A105AJ4
Оренбургская область выпуск 3,ru000a0jvm81,BBG009LB6H99
Сегежа,ru000a104ua4,TCS00A104UA4
РЕСО-Лизинг БО-02П выпуск 1,ru000a104v26,TCS00A104V26
ГТЛК выпуск 19,ru000a101sd8,BBG00VDF2563
ИКС 5 ФИНАНС 003P-02,ru000a1075s4,TCS00A1075S4
ФосАгро БО-П01-USD,ru000a108lp2,TCS00A108LP2
ЕАБР 003Р-008,ru000a106jx4,BBG01HHNFTJ2
Ненецкий АО выпуск 1,ru000a0zyf61,BBG00J5KZDG4
АФК Система выпуск 13,ru000a101q26,BBG00V3L30M3
Биннофарм Групп 001P-03,ru000a107e81,TCS00A107E81
Газпром капитал ЗО31-1-Д,ru000a105jt4,TCS00A105JT4
Ульяновская область,ru000a101u61,BBG00VR72X38
Russia 2043,xs0971721963,TCS571721963
ТрансФин-М выпуск 7,ru000a103m36,BBG012C34FX0
ОФЗ 26221,su26221rmfs0,BBG00G6V7252
Банк ВТБ (ПАО) Б-1-346,ru000a107b35,BBG01KDTJJ04
ЧЗПСН-Профнастил БО-П2,ru000a101nj6,TCS00A101NJ6
Автодом выпуск 1,ru000a104cj3,TCS00A104CJ3
ОФЗ 26233,su26233rmfs5,BBG00RRT3V69
Тинькофф Банк TCS-perp1,ru000a107738,TCS00A107738
МГКЛ 001Р-05,ru000a107ub5,TCS00A107UB5
ЛАЗСИСТ-01,ru000a109jx8,TCS00A109JX8
Аполлакс Спэйс 001P-01,ru000a1089a3,TCS00A1089A3
ОФЗ 26247,su26247rmfs5,BBG01MVSHPP3
РусГидро БО-П10,ru000a106037,TCS00A106037
Балтийский лизинг БО-П06,ru000a1058m3,TCS00A1058M3
Славнефть,ru000a104wf9,TCS00A104WF9
ОФЗ 26238,su26238rmfs4,BBG011FJ4HS6
Красноярский край  выпуск 14,ru000a0zyfb8,BBG00J5KYZN8
Тинькофф Ипотечный Агент выпуск 1,ru000a103d37,TCS00A103D37
Айди Коллект выпуск 2,ru000a104jv3,TCS00A104JV3
НЛМК ЗО26-Д,ru000a107el8,TCS00A107EL8
Россельхозбанк БO-20-002P,ru000a108zn7,TCS00A108ZN7
Глоракс БО-01,ru000a1053w3,TCS00A1053W3
Republic of Turkey,try1028,BBG00KMWBXK3
ЭР-Телеком Холдинг выпуск 3,ru000a106jv8,BBG01HDYRTB7
Санкт-Петербург выпуск 2,ru000a0zykj1,BBG00JHB0ZL4
Белгородская область выпуск 14,ru000a101pa0,BBG00V1JP1Y1
Металлоинвест ЗО-28,ru000a105a04,TCS00A105A04
МСП Банк 001P-02,ru000a109kv0,TCS00A109KV0
Гидромашсервис БО выпуск 3,ru000a1026h0,BBG00XRFV045
Банк ВТБ (ПАО) СУБ-Т1-2,ru000a102ql3,BBG00Z6QJBH5
Сибэнергомаш-БКЗ выпуск 1,ru000a104k37,BBG015K977N7
РУСАЛ CNY выпуск 5,ru000a105104,TCS00A105104
Брусника. Строительство и девелопмент 002P-02,ru000a107uu5,TCS00A107UU5
Металлоинвест CNY 1Р-03,ru000a105m75,TCS00A105M75
РСХБ 08Т1,ru000a0jwv63,BBG00DYFTK31
ТГК-14 выпуск 001Р-01,ru000a1066j2,TCS00A1066J2
ОФЗ 26246,su26246rmfs7,BBG01N0CVG83
Фармфорвард БО-01,ru000a107bd1,TCS00A107BD1
ПАО НК Роснефть 002P-05,ru000a0zyvu5,BBG00K7QTXX0
ПКБ 001Р-05,ru000a108u72,TCS00A108U72
РСГ-Финанс выпуск 1,ru000a0juag0,BBG005K570Y9
РЕСО-Лизинг БО-П выпуск 5,ru000a100ns9,BBG012CQ0V68
Европлан БО 06,ru000a100dg5,BBG00PC4M4X3
Элемент Лизинг 001P-08,ru000a108c58,TCS00A108C58
НПО Химтэк выпуск 1,ru000a103h25,BBG0121GPL12
ГИДРОМАШСЕРВИС 001Р-02,ru000a1089g0,TCS00A1089G0
СФО ВТБ РКС Эталон 03,ru000a106zp6,TCS00A106ZP6
НОВАТЭК 001P-02,ru000a108g70,TCS00A108G70
ФПК Гарант-Инвест 002Р-08,ru000a107tr3,TCS00A107TR3
Трансмашхолдинг ПБО-06,ru000a1038d4,TCS00A1038D4
ФСК Россети 001P-07R,ru000a105ph6,TCS00A105PH6
Норильский Никель БО выпуск 6 CNY,ru000a105nl3,TCS00A105NL3
АФК Система выпуск 21,ru000a103c95,TCS00A103C95
Сергиевское БО-01,ru000a1084n7,TCS00A1084N7
Россети 001Р-13R,ru000a109528,TCS00A109528
КАМАЗ,ru000a104zc9,TCS00A104ZC9
Сегежа 002P выпуск 3,ru000a104fg2,TCS00A104FG2
Кыргызская Республика выпуск 01 RUB,kg000a3lsj06,TCS00A3LSJ06
Ростелеком 002P-13R,ru000a107910,BBG01KB9PDF0
Полюс CNY 01,ru000a1054w1,TCS00A1054W1
Russia 2028,xs0088543193,TCS188543193
Патриот Групп выпуск 1,ru000a105ax5,TCS00A105AX5
Урожай БО-04,ru000a108fe8,BBG01MY53RW3
Мегатакт-НН БО-01,ru000a107pm2,TCS00A107PM2
Синара - Транспортные Машины выпуск 3,ru000a105m91,TCS00A105M91
Авто Финанс Банк БO-001P-12,ru000a108rp9,TCS00A108RP9
РЖД 001Р выпуск 16,ru000a100hy9,BBG00PV1JCS0
Элемент Лизинг 001P-09,ru000a1092s9,TCS00A1092S9
Альфа-Банк 2Р-21,ru000a105uw5,TCS00A105UW5
ГТЛК 001P-20,ru000a1038m5,BBG011FPCMW7
Газпром Капитал ЗО37-1-Д,ru000a105rh2,TCS00A105RH2
ВИС Финанс выпуск 4,ru000a106ez0,TCS00A106EZ0
ТрансКонтейнер П02-01,ru000a109e71,TCS00A109E71
Казахстан выпуск 13,ru000a101s16,BBG011MDDX15
Газпром Капитал,ru000a101qn1,BBG00V93GCX5
Газпром БО-22,ru000a0zzes2,BBG00LLM12G8
Сэтл Групп 002Р-03,ru000a1084b2,TCS00A1084B2
Нижегородская область выпуск 15,ru000a102ds6,BBG00YC5HLP8
О`КЕЙ 001P-06,ru000a1084e6,TCS00A1084E6
Дарс-Девелопмент 001Р-02,ru000a108as9,BBG01MJTH267
Балтийский лизинг БО-П12,ru000a109551,TCS00A109551
ОФЗ 29024,su29024rmfs5,BBG01GJ1FRZ6
ГТЛК выпуск 14,ru000a100fe5,BBG00PGVLT83
МБЭС выпуск 2,ru000a101rj7,BBG00VHHC305
МЦП-01,ru000a109mh5,TCS00A109MH5
МФК Быстроденьги 002Р-07,ru000a1099p0,TCS00A1099P0
Технология БО-01,ru000a107dd7,BBG01KN3X0W0
Удмуртская республика 35002,ru000a0jwt91,BBG00DSS8W00
Альфа-Банк выпуск 40,ru000a0zyu21,BBG00K4MPZ61
Селектел 001Р-04R,ru000a1089j4,TCS00A1089J4
ТрансФин-М 001Р выпуск 4,ru000a0zyeb1,BBG00HYXLFQ7
Селигдар выпуск 1,ru000a105cs1,TCS00A105CS1
Автодор выпуск 1,ru000a103nu9,BBG012JCD404
КАМАЗ БО-П11,ru000a107mm9,BBG01L5QP0V7
Аренза-Про 001P-03,ru000a107217,TCS00A107217
РЕСО-Лизинг БО-02П-05,ru000a1075j3,BBG01K0SLMG3
СДЭК-Глобал выпуск 1,ru000a102sm7,BBG00ZLH4MW3
СибАвтоТранс 001Р-03,ru000a107kv4,TCS00A107KV4
Европлан БО 03,ru000a100w60,BBGHUYNYA0X4
РУСАЛ БО-001Р-05,ru000a1076u8,BBG01K3WY9B1
Сбербанк выпуск SbD1R,ru000a103kg4,BBG0131NQLG8
Бизнес Альянс 1Р-01,ru000a105yq9,TCS00A105YQ9
Ренессанс Кредит выпуск 6,ru000a102rn7,TCS00A102RN7
ОФЗ 26248,su26248rmfs3,TCS00A108EH4
ТЕХНО Лизинг выпуск 3,ru000a102234,BBG00WYH0LS7
Росагролизинг выпуск 3,ru000a103ql1,BBG012NW2KW6
Ростелеком 001Р-09R,ru000a1095w4,TCS20A1095W4
Новотранс выпуск 1,ru000a1014s3,BBG00R2HQKS7
Turk Telekomunikasyon A.S.,ttel0225,BBG00NBJSLV4
Автодор БО-3 выпуск 2,ru000a104xr2,TCS00A104XR2
Газпром Капитал БО-002P-15,ru000a109080,TCS00A109080
Автодор БО-005P-05,ru000a1078l3,TCS00A1078L3
ОФЗ 26229,su26229rmfs3,BBG00PBZNT41
ЕвразХолдинг Финанс 003Р-01,ru000a108g05,TCS00A108G05
ОФЗ 26239,su26239rmfs2,BBG011FHF1F7
Лизинг-Трейд 1P-08,ru000a106987,TCS00A106987
Совкомфлот 1Р-01,ru000a1060q0,TCS00A1060Q0
Совкомбанк Факторинг 001Р-01,ru000a107pn0,BBG01LCLWYF6
ГК Самолет БО-П14,ru000a1095l7,TCS00A1095L7
МТС-Банк выпуск 001P-03,ru000a107456,TCS00A107456
Завод КЭС 001P-05,ru000a107u40,TCS10A107U40
Совкомбанк СЗО-02,ru000a107c59,TCS00A107C59
О'КЕЙ 001P выпуск 1,ru000a105fm7,TCS00A105FM7
ВЭБ.РФ ПБО-002Р-41,ru000a107xa1,TCS00A107XA1
ИК Айгенис БО-01,ru000a1098u2,TCS00A1098U2
АФК Система выпуск 28,ru000a107sm6,TCS00A107SM6
Газпромбанк 001Р-21Р,ru000a104b46,BBG01496C370
ТАЛК лизинг 001P-01,ru000a108e98,BBG01N1LJNY2
Россети Московский регион 001P-05,ru000a107dp1,BBG01KN3GKH2
АФК Система выпуск 11,ru000a100n12,BBG00PVL2PM1
Sultanate of Oman,oma0148,BBG00JQC5C47
Группа Продовольствие 001P-03,ru000a106yn4,BBG01JKRC5F4
СЭЗ им. Серго Орджоникидзе выпуск 2,ru000a102556,BBG00XJF7FL9
Металлоинвест 001Р-06,ru000a1079s6,TCS00A1079S6
МТС выпуск 002P-01,ru000a1075e4,TCS00A1075E4
Медси 001P-01,ru000a105ya3,TCS00A105YA3
РЖД 001Р выпуск 21,ru000a102qp4,BBG00Z6BQMY7
ЛСР выпуск 6,ru000a102t63,RU000A102T63
УК ОРГ выпуск 2,ru000a106l67,TCS00A106L67
Синара-Транспортные Машины 001Р-04,ru000a1082y8,TCS00A1082Y8
Credit Bank of Moscow,xs2384475930,BBG012G07QT0
Ред Софт 002Р-05,ru000a108vm8,TCS00A108VM8
Татнефтехим 001-P-02,ru000a108bx7,BBG01MMP0RM6
ГТЛК ЗО29-Д,ru000a107d58,TCS00A107D58
ФосАгро БО-П02,ru000a109k40,TCS00A109K40
ЕвроСибЭнерго-Гидрогенерация 001PС-05,ru000a108fx8,TCS30A108FX8
Балтийский лизинг БО-П08,ru000a106em8,TCS00A106EM8
ВТБ Б-1-309,ru000a107613,TCS00A107613
Газпром Капитал БО-002P-09,ru000a107050,TCS00A107050
Магаданская область 34003,ru000a106ye3,TCS00A106YE3
Сегежа 002P выпуск 1,ru000a1041b2,TCS00A1041B2
ЛК РОДЕЛЕН 002P-01,ru000a107076,TCS00A107076
ГТЛК выпуск 15,ru000a100z91,BBG00QQ73R50
ВИС ФИНАНС БО-П06,ru000a109kx6,TCS00A109KX6
ИЭК Холдинг 001P-02,ru000a107e08,TCS00A107E08
РЖД 001Р выпуск 13,ru000a1007z2,BBG00NQKW4B0
Агрофирма Рубеж 001Р-02,ru000a107yt9,TCS00A107YT9
РЖД ОАО БО 001Р-17R,ru000a1010m4,BBG00QTH5DF3
Russia 2027 EUR,ru000a102ck5,TCS60A102CK5
ОФЗ 29013,su29013rmfs8,BBG00T22WKV5
Росэксимбанк выпуск 1,ru000a0jx2m2,TCS10A0JX2M2
Гарант-Инвест 002P-07,ru000a106sk2,TCS00A106SK2
АФК Система выпуск 18,ru000a102sv8,BBG00ZH9RB82
Газпром нефть выпуск 6,ru000a106565,TCS00A106565
Делимобиль 1Р-03,ru000a106uw3,TCS00A106UW3
ГК Самолет БО-П15,ru000a109874,RU000A109874
Соколов выпуск 1,ru000a105pk0,TCS00A105PK0
РЕСО-Лизинг БО-П выпуск 8,ru000a102k39,BBG00YMTR6J4
Почта России выпуск 2,ru000a0jxrd5,BBG00GSG5RB1
Электроаппарат БО-01,ru000a104wz7,TCS00A104WZ7
Газпром Нефть 003P-10R,ru000a107uw1,TCS00A107UW1
АЗБУКАВКП3,ru000a109825,RU000A109825
КИВИ Финанс 001Р-02,ru000a107548,TCS70A107548
Уральская Сталь БО-001Р-03,ru000a107u81,TCS00A107U81
АПРИ БО-П05,ru000a104wa0,TCS10A104WA0
Селлер выпуск 1,ru000a106ky0,BBG01HMDD762
АФК Система выпуск 5,ru000a0jwzy6,BBG00FB978L6
Ника 001P-01,ru000a1050x7,TCS10A1050X7
Балтийский лизинг БО-П07,ru000a106144,TCS00A106144
ЛК РОДЕЛЕН 002Р-02,ru000a107sa1,BBG01LGGVP72
Газпром капитал выпуск 14,ru000a1087j8,TCS00A1087J8
Сбер Банк 001P-SBER42,ru000a105sd9,TCS00A105SD9
Сибстекло БО-П04,ru000a107209,TCS00A107209
Свердловская область 35009,ru000a102ct6,BBG00Y9145T6
Реаторг 001Р-01,ru000a105bp9,TCS00A105BP9
Ростелеком 002P выпуск 6,ru000a103ez7,BBG011XNL8K6
Газпромбанк 005Р-03Р,ru000a107ua7,BBG01LTWT856
Башкирская содовая компания выпуск 2,ru000a101ur4,BBG00VWZ21H5
Томская область выпуск 62,ru000a0zymj7,BBG00JM15X21
Селигдар GOLD03,ru000a108rq7,TCS00A108RQ7
СГ-транс выпуск 1,ru000a103yp6,BBG013BSN994
Металлоинвест 001P-04,ru000a105w08,TCS00A105W08
Банк ВТБ Б-1-352,ru000a108dm6,BBG01MRCW5H9
Регион-Продукт 001P-04,ru000a1075r6,BBG01K2753C1
Вита Лайн 001Р выпуск 2,ru000a102b97,TCS00A102B97
ОФЗ 26218,su26218rmfs6,BBG00B9PJ7V0
ЭР-Телеком Холдинг ПБО-02-05,ru000a107bz4,TCS00A107BZ4
Сегежа 003P-03R,ru000a107bp5,TCS00A107BP5
Бизнес Альянс 001Р-03,ru000a107ql2,BBG01LC2C5K7
Моторные технологии 001Р-04,ru000a107td3,TCS00A107TD3
NexTouch выпуск 1,ru000a103wz9,BBG0136Y8NS2
ГТЛК 002P-05,ru000a108ns2,TCS00A108NS2
Соби-Лизинг 001P-01,ru000a105cl6,TCS00A105CL6
ПКТ выпуск 2,ru000a0jw5e3,BBG00C7PQK43
ДиректЛизинг 002P-03,ru000a1094t3,TCS00A1094T3
Аэрофлот выпуск 1,ru000a103943,TCS00A103943
Credit Bank of Moscow,xs1143363940,BBG007KHNMS0
Газпром выпуск 23,ru000a0zzet0,BBG00LLM4499
Омега БО-01,ru000a1092t7,TCS00A1092T7
М.Видео выпуск 4,ru000a106540,TCS00A106540
ВТБ ЗО-Т1,ru000a1082q4,TCS20A1082Q4
АФК Система 001Р-30,ru000a108gn7,TCS00A108GN7
Норильский Никель БО-001Р выпуск 2,ru000a105a61,TCS00A105A61
Фордевинд 05,ru000a108ak6,BBG01MJ9V096
Практика ЛК 001P-02,ru000a1074n8,BBG01JZY2QL1
ПИК-Корпорация выпуск 2,ru000a1016z3,BBG00R4C0L75
Неолизинг выпуск 1,ru000a106py9,TCS00A106PY9
Ростелеком выпуск 2,ru000a0jxpn8,BBG00GH12JY2
Сибстекло БО-П03,ru000a105c93,TCS00A105C93
Кировский завод выпуск 2,ru000a102uz5,BBG00ZQT2640
Тинькофф Банк TCS-perp2,ru000a107746,TCS00A107746
Банк Открытие БО-П выпуск 6,ru000a101gr3,BBG00S6QMBP8
Хайтэк-Интеграция 1P-01,ru000a106151,TCS00A106151
ИКС 5 Финанс выпуск 12,ru000a101uq6,BBG00VWZ2229
ЕвроТранс БО-001P-02,ru000a105ts5,TCS00A105TS5
Газпромбанк выпуск 17,ru000a101z74,BBG00WFB0B30
АФК Система выпуск 7,ru000a0zyqy7,BBG00JX82779
РЕСО-Лизинг БО-П выпуск 11,ru000a103c53,BBG011PC1CT3
БЭЛТИ-ГРАНД БО-П06,ru000a1076a0,TCS00A1076A0
ФосАгро ЗО28-Д,ru000a106g56,TCS00A106G56
Republic of Turkey,try0228,BBG00JQ3B6W2
АВТОБАН-Финанс выпуск 4,ru000a106k35,TCS00A106K35
Сбербанк 002СУБ-03R,ru000a103q24,BBG012Q8FDW8
Газпром Капитал БО-001Р-08,ru000a105u00,TCS00A105U00
Азбука Вкуса выпуск 1,ru000a100he1,BBG00PM8S500
КОНТРОЛ лизинг выпуск 1,ru000a106t85,TCS00A106T85
Авто Финанс Банк БО-001Р-13,ru000a109ky4,TCS00A109KY4
Глобал Факторинг Нетворк Рус выпуск 3,ru000a106ls0,TCS00A106LS0
Нижегородская область выпуск 14,ru000a101665,BBG00R4D6C68
Борец Капитал 1P-01,ru000a105zx2,TCS00A105ZX2
ВТБ-Лизинг 001Р-МБ-01,ru000a108z93,TCS00A108Z93
Маныч-Агро,ru000a103k20,BBG012827T82
Газпром Капитал БО-001Р-06,ru000a106at1,TCS00A106AT1
СОПФ Инфраструктурные облигации 03,ru000a105b03,BBG01GM6M7R6
СУЭК-Финанс выпуск 5,ru000a101cq4,BBG00RLS6TT4
РУСАЛ выпуск 6,ru000a105112,TCS00A105112
Газпром капитал ЗО29-1-Д,ru000a105ku0,TCS00A105KU0
МФК ВЭББАНКИР 06,ru000a1082k7,BBG01M42Z636
МФК Быстроденьги 002P-01,ru000a105n25,TCS00A105N25
Эр-Телеком холдинг выпуск 6,ru000a1087a7,TCS00A1087A7
Газпром капитал ЗО28-1-Е,ru000a105by1,TCS00A105BY1
АФК Система выпуск 4,ru000a0jwyq5,BBG00F6NJY77
ОФЗ 26224,su26224rmfs4,BBG00K53FBX6
МигКредит 002MC-03,ru000a107kr2,BBG01L0MMM82
Сегежа CNY 3P-01R,ru000a105ew9,TCS00A105EW9
Почта России,ru000a104w33,TCS00A104W33
Автодор БО-3 выпуск 1,ru000a102h91,BBG00YJJPT66
Аэрофьюэлз 002Р-03,ru000a1090n4,TCS00A1090N4
Татнефтехим 001P выпуск 1,ru000a103ul3,BBG012Y8J8C8
Софтлайн выпуск 002Р-01,ru000a106a78,TCS00A106A78
Russia 2042,xs0767473852,TCS767473852
Гарант-Инвест 002Р-10,ru000a109791,TCS00A109791
Европлан выпуск 6,ru000a106f40,TCS00A106F40
Альфа-Банк 2Р-23,ru000a106aj2,TCS00A106AJ2
Группа Продовольствие 001P-02,ru000a105ep3,TCS00A105EP3
Мосрегионлифт БО-01,ru000a105ru5,TCS00A105RU5
Росагролизинг 002Р-03,ru000a109dt9,TCS00A109DT9
Ульяновская область выпуск 3,ru000a102cx8,BBG00Y90V3M0
РЖД 001P-32R,ru000a108z85,BBG01NSC3P39
АЛРОСА 001P-02,ru000a109sh2,TCS00A109SH2
Эталон выпуск 002Р-01,ru000a105vu7,TCS00A105VU7
Агро-Фрегат БО-01,ru000a108fg3,TCS00A108FG3
АПРИ Флай Плэнинг БО-2Р-02,ru000a106631,TCS00A106631
Альфа-Банк выпуск 21,ru000a0zybm4,BBG00HTLYK93
Газпром Капитал БО-002Р-11,ru000a107et1,BBG01KR1W3G3
Новые технологии,ru000a105dl4,TCS00A105DL4
ВЭБ.РФ ПБО-002Р-40,ru000a107x96,TCS00A107X96
Полюс ПБО-1,ru000a100xc2,BBG00QKHK9J0
Московская область,ru000a102cr0,BBG00Y77GTP4
АйДи Коллект 001P-02,ru000a109t74,TCS00A109T74
ВЭБ.РФ ПБО-002Р-39,ru000a107au7,BBG01KDRYK53
ГК ЕКС выпуск 1,ru000a104bu2,BBG0147HX1H8
ХК Финанс выпуск 8,ru000a104xu6,TCS00A104XU6
Ростелеком 001Р-11R,ru000a109js8,TCS00A109JS8
ГТЛК выпуск 3,ru000a0jxe06,BBG00FVSZBH9
Новосибирская область выпуск 22,ru000a1043e2,TCS00A1043E2
Sunlight выпуск 1,ru000a1074q1,TCS00A1074Q1
Инкаб выпуск 1,ru000a1049m2,TCS00A1049M2
БЭЛТИ-ГРАНД выпуск 4,ru000a103dy2,BBG011RXTDD0
ГТЛК ЗО25-Д,ru000a1078v2,TCS00A1078V2
ХК Новотранс 001P-05,ru000a107w06,TCS00A107W06
Почта России,ru000a1055y4,TCS00A1055Y4
Novabev Group,ru000a104y15,TCS00A104Y15
Мосрегионлифт БО-02,ru000a106dj6,TCS00A106DJ6
ЛСР выпуск 5,ru000a100zl8,BBG00QRKJF13
ОФЗ 29019,su29019rmfs5,BBG00Y04MGR7
МТС 1P-20,ru000a104su6,TCS00A104SU6
ОФЗ 26242,su26242rmfs6,BBG01DC7XWW9
Европлан  БО 07,ru000a0jwvl2,BBG00DY7RMW5
МегаФон БО-002P-06,ru000a1094e5,TCS00A1094E5
ЯТЭК 001Р-04,ru000a109nf7,TCS10A109NF7
Делимобиль оббП04,ru000a109tg2,TCS00A109TG2
Томск 34008,ru000a102lr1,BBG00YPZF2Y2
ГТЛК выпуск 7,ru000a0jw1p8,BBG00BRZQ4Y4
ГК Самолет выпуск 6,ru000a100qa0,BBG00Q58ZXF2
Черкизово выпуск БО-001Р-05,ru000a105c28,TCS00A105C28
"Агентство Судебного Взыскания, БО-01-001P",ru000a106rb3,TCS00A106RB3
Росэксимбанк 002Р-04,ru000a1077v4,TCS00A1077V4
Медси выпуск 001P-03,ru000a106k27,TCS00A106K27
Альфа-Банк 002Р-26,ru000a107th4,BBG01LMW5190
AzurDrive выпуск 1,ru000a106tj2,BBG01J7T8052
Автодор БО-5 выпуск 3,ru000a106r53,TCS00A106R53
Солид-Лизинг выпуск 1,ru000a104cf1,BBG0149GY1B3
РОЛЬФ 1Р03,ru000a109lc8,TCS00A109LC8
ОФЗ 29021,su29021rmfs1,TCS00A105B11
Мособлэнерго 001Р-01,ru000a1099e4,TCS00A1099E4
Магнит БО-004Р-06,ru000a1090k0,BBG01NXWKPD9
Камчатский край выпуск 1,ru000a0zzsw4,BBG00MJPCX54
ХКФ Банк Т1-01,ru000a107l82,TCS00A107L82
Лукойл ЗО-30,ru000a1059q2,TCS00A1059Q2
Практика ЛК 001P-03,ru000a108z77,TCS00A108Z77
Газпром Капитал ЗО27-1-Е,ru000a105rz4,TCS00A105RZ4
Сбербанк 2P-SBER44,ru000a1069p3,TCS00A1069P3
МГКЛ 001P-06,ru000a108zu2,TCS10A108ZU2
АБЗ-1 002Р-01,ru000a109pp1,TCS00A109PP1
Лизинг-Трейд 1P-07,ru000a105wz4,TCS00A105WZ4
МОЭК выпуск 3,ru000a101228,BBG00QXGFHS6
ВЭБ.РФ ПБО-001Р-23В,ru000a102k96,TCS00A102K96
ОФЗ 52004,su52004rmfs7,BBG012F0B291
ОФЗ 29023,su29023rmfs7,BBG01BX150V5
Аренза-Про 001P-01,ru000a105tr7,TCS10A105TR7
Совкомбанк 2В03,ru000a0zywz2,TCS10A0ZYWZ2
О'КЕЙ выпуск 3,ru000a1014b9,BBG000000006
Россети Ленэнерго 001P-01,ru000a107ec7,BBG01KP6T2B5
ПАО НК Роснефть 002P-04,ru000a0zyt40,BBG00K2JQWT1
РусГидро БО-П09,ru000a105sl2,TCS00A105SL2
СмартФакт БО-01-001P,ru000a106cm2,TCS00A106CM2
Асфальтобетонный завод № 1 выпуск 2,ru000a1046n6,TCS00A1046N6
РСХБ выпуск 4,ru000a103n84,BBG012G45RC0
Охта Групп БО-П03,ru000a1070a3,BBG01JQM21Z7
РСХБ 09Т1,ru000a0zz505,BBG00KSNVG40
ЯТЭК 001Р-03,ru000a1070l0,TCS00A1070L0
ГТЛК выпуск 16,ru000a101gd3,BBG00S1L7459
НКНХ 001P-03,ru000a109kw8,TCS00A109KW8
РЖД 001Р выпуск 14,ru000a1008d7,BBG00NTDT6H6
Альфа-Банк ЗО-500,ru000a108n55,TCS00A108N55
МКБ ЗО26-1,ru000a107r03,TCS10A107R03
АФК Система выпуск 24,ru000a105l27,TCS00A105L27
Оренбургская область выпуск 4,ru000a0zykh5,BBG00JG7XG76
ВТБ Б-1-343,ru000a106tm6,BBG01J5NY1Z3
Лизинг-Трейд 001P-11,ru000a107nj3,BBG01L708XH5
ДОМ.РФ ИА БО-001Р-18,ru000a104uv0,TCS00A104UV0
Сибнефтехимтрейд  выпуск 2,ru000a104dz7,BBG014KC7YW4
Башкирская содовая компания выпуск 3,ru000a106jz9,TCS00A106JZ9
Черкизово выпуск 4,ru000a102ld1,TCS00A102LD1
РЖД ЗО28-1-Р,ru000a1089x5,BBG01NBM5QZ6
О'КЕЙ выпуск 4,ru000a102bk7,TCS00A102BK7
Лайфстрим БО-П02,ru000a1068s9,TCS00A1068S9
ЕнисейАгроСоюз 001Р-01,ru000a107r29,TCS00A107R29
Промсвязьбанк обб3П09,ru000a109tj6,TCS00A109TJ6
Цифра брокер,ru000a1040e8,TCS00A1040E8
АФК Система выпуск 26,ru000a106z46,TCS00A106Z46
ИКС 5 ФИНАНС 002Р-02,ru000a105jp2,TCS00A105JP2
Глобал Факторинг Нетворк Рус,ru000a105jn7,TCS00A105JN7
ТМК 2027,xs2116222451,BBG00RMZ2CW4
Экспобанк 001P-02,ru000a109qn4,TCS10A109QN4
КАМАЗ выпуск 9,ru000a0zz885,BBG00L1HHZD4
Кеарли Групп 001P-01,ru000a108q78,TCS00A108Q78
ЭР-Телеком Холдинг,ru000a1058k7,TCS00A1058K7
Южуралзолото CNY выпуск 1,ru000a105gs2,TCS00A105GS2
МТС 001P-23,ru000a105na6,TCS00A105NA6
Роял Капитал выпуск 9,ru000a106jc8,BBG01HFSDQK9
ИКС 5 ФИНАНС 003P-05,ru000a108lu2,BBG01N7PDWY3
Брусника 001P-01,issuancebrus,ISSUANCEBRUS
Автодор БО-3 выпуск 3,ru000a105v82,TCS00A105V82
Роял Капитал,ru000a104uf3,TCS00A104UF3
НПФ МИКРАН выпуск 1,ru000a106f08,TCS00A106F08
Вымпелком 1Р-08,ru000a105x80,TCS00A105X80
Фордевинд 03,ru000a106q47,TCS00A106Q47
Энергоника 001Р-04,ru000a106r79,BBG01HZNHR95
Бизнес-Недвижимость выпуск 2,ru000a104by4,TCS00A104BY4
Брусника выпуск 2Р-1,ru000a1048a9,BBG0141LK3L0
Бизнес-Лэнд БО-01,ru000a108wj2,TCS00A108WJ2
Электрощит-Стройсистема выпуск 2,ru000a101ud4,TCS00A101UD4
МФК Лайм-Займ 1Р-02,ru000a106cj8,TCS00A106CJ8
ГК Самолет выпуск 13,ru000a107rz0,TCS00A107RZ0
Джи-групп 2Р-03,ru000a106z38,TCS00A106Z38
Нэппи Клаб БО-01,ru000a109kg1,TCS20A109KG1
МТС выпуск 10,ru000a100hu7,BBG00PN9H616
Хромос Инжиниринг БО-01,ru000a108405,BBG01M7R9XV7
Роснано выпуск 8,ru000a1008v9,BBG00NTXZ6S3
Газпром нефть 003P-03R,ru000a101gj0,BBG00S1GXC62
Агротек БО-03,ru000a106yl8,TCS00A106YL8
Первое коллекторское бюро 001Р выпуск 2,ru000a103rj3,BBG012Q8FLM1
Альфа Дон Транс выпуск 1,ru000a106y70,TCS00A106Y70
Казахстан выпуск 5,ru000a101rt6,BBG011MDB894
Газпром нефть 003P-07R,ru000a107605,BBG01K26G634
ОФЗ 26244,su26244rmfs2,TCS00A1074G2
Сэтл Групп 2Р-01,ru000a1053a9,TCS00A1053A9
Аренза-Про 001P-04,ru000a107st1,BBG01LKSXHZ6
The Arab Republic of Egypt,egpt0329,BBG00NDMW359
МФК ВЭББАНКИР выпуск 4,ru000a106y88,BBG01JJPZ6J9
Whoosh выпуск 1,ru000a104ws2,TCS00A104WS2
ГТЛК БО-08,ru000a0jwst1,BBG00DQFVRK3
ПР-Лизинг выпуск 2,ru000a106ep1,TCS00A106EP1
МФК ВЭББАНКИР 1P-02,ru000a105575,TCS00A105575
РСХБ БO-01 выпуск 2,ru000a105l01,TCS00A105L01
ВТБ СУБ выпуск 12,ru000a103sc6,BBG012TMDX43
Селигдар GOLD01,ru000a1062m5,TCS00A1062M5
Саратовская область выпуск 1,ru000a0zyg60,BBG00J8B8QK7
Трансмашхолдинг АО ПБО-07,ru000a106cu5,TCS00A106CU5
Металлоинвест БО выпуск 4,ru000a101ef3,BBG00RQ1DXY5
Газпромбанк 001Р-22Р,ru000a105gw4,TCS00A105GW4
Металлоинвест 001Р-08,ru000a108wy1,BBG01NNLN643
РЖД 001Р выпуск 1,ru000a0jxn05,BBG00GCRTCX7
РЕСО-Лизинг выпуск 6,ru000a1049y7,TCS00A1049Y7
МФК Саммит 1P-01,ru000a105uz8,TCS00A105UZ8
Банк ВТБ Б-1-356,ru000a1094r7,BBG01P2WCDN3
Уралкалий выпуск 6,ru000a101gz6,TCS00A101GZ6
Мани Капитал 001P-01,ru000a1074f4,TCS00A1074F4
Автодор БO-004P-04,ru000a106c92,TCS00A106C92
Центр-Резерв БО-01,ru000a104tg3,TCS00A104TG3
ТЕХНО Лизинг выпуск 4,ru000a1032x5,BBG0110WZC19
ГТЛК выпуск 4,ru000a0jxpg2,BBG00GGS6C84
Джой Мани 001P-02,ru000a108462,BBG01M7RGG82
ТД РКС-Сочи 002Р-03,ru000a106dv1,TCS00A106DV1
СибАвтоТранс выпуск 1,ru000a105sz2,TCS00A105SZ2
Группа Черкизово БО-001Р-07,ru000a1094f2,TCS00A1094F2
Республика Якутия,ru000a1033b9,BBG0113H9XT2
Элит Строй 1P-01,ru000a105yf2,TCS00A105YF2
Европлан 001Р-07,ru000a108y86,TCS00A108Y86
МФК Лайм-Займ 001Р-03,ru000a107795,TCS00A107795
Совкомбанк СЗО-01,ru000a107b84,TCS00A107B84
Сбер Банк 001P-SBER25,ru000a102yg7,BBG0104NZHS7
Восточная Стивидорная Компания выпуск 4,ru000a106p06,TCS00A106P06
Россельхозбанк БO-03-002P,ru000a107s10,BBG01LG4H9Z0
Альфа-Банк ЗО-350,ru000a108jq4,TCS00A108JQ4
Группа Черкизово,ru000a105m67,TCS00A105M67
Автобан-Финанс выпуск 3,ru000a103pc2,BBG012JC0J32
Хромос Инжиниринг БО-02,ru000a1094w7,TCS00A1094W7
ОФЗ 26234,su26234rmfs3,BBG00VCY76T1
АйДи Коллект выпуск 4,ru000a106xt3,TCS00A106XT3
ГМК Норильский никель БО-001Р-07,ru000a1083a6,BBG01M5K6R13
ЕвроСибЭнерго-Гидрогенерация PС-01,ru000a106797,TCS00A106797
ОФЗ 52003,su52003rmfs9,BBG00XD2M5S2
Т.Г. Шевченко выпуск 4,ru000a104zu1,TCS00A104ZU1
Казахстан выпуск 12,ru000a101s08,BBG011MDDKK2
Центр-Резерв БО-03,ru000a107p47,BBG01L7NP818
ТД РКС-Сочи 002Р-2,ru000a104ks7,BBG015KF6013
ПИР БО-01-001P,ru000a107wf2,BBG01LWVCW95
Полюс ЗО28-Д,ru000a108p79,BBG01N8LD6P8
Джи-групп 002Р-04,ru000a108tu5,TCS00A108TU5
Хайтэк-Интеграция,ru000a104tm1,TCS00A104TM1
Санкт-Петербург,ru000a102a15,BBG00Y1B3FH4
Автодор БО-2 выпуск 5,ru000a1017h9,BBG00R7TP2Y0
МФК Лайм-Займ выпуск 1,ru000a104ax8,BBG0147H0889
СибСульфур БО-01-001P,ru000a1098t4,TCS00A1098T4
Республика Башкортостан 34011,ru000a1026b3,BBG00XPQYQV3
Т.Г. Шевченко выпуск 2,ru000a101p92,BBG00V0WL952
ОФЗ 29015,su29015rmfs3,BBG00XK3QV47
Мани Капитал 001P-03,ru000a107wd7,BBG01LTWF5R3
ОФЗ 29007,su29007rmfs0,BBG007Z5DF79
ЗАС Корпсан БО-П01,ru000a107g22,BBG01KTV3B51
АФК Система выпуск 9,ru000a1005l6,BBG00NHLC0N5
Аквилон-Лизинг БО-03-001P,ru000a107m32,TCS00A107M32
Ника 001P-02,ru000a106u74,TCS70A106U74
Т1 001Р-01,ru000a1071r5,TCS00A1071R5
ТГК-14 выпуск 2,ru000a106mw0,TCS00A106MW0
Атомэнергопром,ru000a103at8,BBG011LQFJ07
Заслон выпуск 1,ru000a1064x8,TCS00A1064X8
Альфа-Банк 2Р-22,ru000a106268,BBG01G7MDJQ3
Россети 001P выпуск 10,ru000a1065a3,TCS00A1065A3
Новосибирскавтодор БО-01,ru000a108uj6,TCS00A108UJ6
ГТЛК 002Р-03,ru000a107tt9,TCS00A107TT9
ЭкономЛизинг 001Р-05,ru000a106r12,BBG01HX7J428
ДОМ.РФ ИА БО-001Р-07,ru000a103125,TCS00A103125
МТС выпуск 6,ru000a0zywy5,BBG00K64TZR2
Центр-Резерв БО-02,ru000a1056t2,TCS00A1056T2
Частная пивоварня Афанасий БО-01,ru000a107225,BBG01JZG9LW2
Казахстан выпуск 8,ru000a101rw0,BBG011MDBQV9
Норильский никель ЗО25-Д,ru000a107bl4,TCS00A107BL4
Фордевинд 01,ru000a105849,TCS00A105849
ГТЛК выпуск 6,ru000a0jvwj6,BBG00B8SX525
ТЕХНО Лизинг 001Р-06,ru000a107fn1,TCS00A107FN1
ГТЛК 001P-21,ru000a108de3,BBG01MQQSDY8
ПИК-Специализированный застройщик выпуск 4,ru000a0zz1m2,BBG00KJP9PN9
РСХБ выпуск БО-12-002Р,ru000a106fv6,TCS00A106FV6
Россети 001P выпуск 9,ru000a1065c9,TCS00A1065C9
Боржоми Финанс 001Р-02,ru000a107tb7,TCS00A107TB7
ДиректЛизинг БО 002Р-02,ru000a1078x8,TCS00A1078X8
ГазТрансСнаб 001Р-01,ru000a1075d6,BBG01K26P8Y6
Озон выпуск 1,ru000a1060x6,TCS00A1060X6
ТД РКС 002Р-04,ru000a108rk0,TCS00A108RK0
Ультра БО-01,ru000a106au9,TCS00A106AU9
КЛС-Трейд БО-02,ru000a105ql6,TCS00A105QL6
ОФЗ 29016,su29016rmfs1,BBG00XP7VH57
ЖКХ Якутии выпуск 1,ru000a100pb0,BBGYAKUTV001
Russia 2026,ru000a0jwha4,TCS10A0JWHA4
МФК Быстроденьги 002P-04,ru000a107gu4,BBG01KS0ZWZ6
Смартфакт БО-03-001P,ru000a108ln7,BBG01N745LM6
РУСАЛ БО-001Р-09,ru000a108vw7,TCS00A108VW7
Южуралзолото CNY выпуск 2,ru000a1061l9,TCS00A1061L9
ЕвроТранс 002Р-01,ru000a1082g5,TCS00A1082G5
Альфа-Банк выпуск 18,ru000a0jx5w4,BBG00FRWYRH1
РУСАЛ БО-001Р-07,ru000a1089k2,TCS00A1089K2
Ред Софт БО 002Р-04,ru000a106cr1,TCS00A106CR1
РУСАЛ AED выпуск 4,ru000a106v57,TCS00A106V57
Европлан 001Р-03,ru000a103kj8,TCS00A103KJ8
Европлан 001Р-04,ru000a103s14,TCS00A103S14
Россети Центр 001Р-03,ru000a107ag6,TCS00A107AG6
РЖД,ru000a104sy8,TCS00A104SY8
Глобал Факторинг Нетворк Рус БО-02-001P,ru000a1060u2,TCS00A1060U2
Элемент Лизинг 001P-07,ru000a1080n5,TCS00A1080N5
А Девелопмент,ru000a104fx7,BBG014VTFQJ8
Селлер БО-03,ru000a1083c2,BBG01M5K21D1
МФК Быстроденьги 2P-03,ru000a1070g0,TCS00A1070G0
Сэтл Групп выпуск 4,ru000a103wq8,TCS00A103WQ8
КОНТРОЛ лизинг 001P-02,ru000a1086n2,TCS00A1086N2
СФО ВТБ РКС-1 выпуск 1,ru000a1032p1,BBG011DV0155
Сэтл Групп 2Р-02,ru000a105x64,TCS00A105X64
Глоракс 1P-01,ru000a105xf4,TCS00A105XF4
Агротек БО-02,ru000a1065y3,TCS00A1065Y3
Газпром Нефть 003P-09R,ru000a107hh9,BBG01KT4VV56
СПМК БО-01,ru000a105bw5,TCS00A105BW5
Борец Капитал ЗО-2026,ru000a105gn3,TCS00A105GN3
МТС выпуск 21,ru000a104wj1,TCS00A104WJ1
Эталон-Финанс выпуск 3,ru000a103qh9,TCS00A103QH9
Айди Коллект выпуск 3,ru000a1065m8,TCS00A1065M8
Альфа-Банк ЗО-400,ru000a108bd9,TCS00A108BD9
РусГидро БО-П12,ru000a106zu6,TCS00A106ZU6
Биннофарм Групп выпуск 2,ru000a104z71,TCS00A104Z71
Газпром 2034,ru000a105a95,TCSS0A105A95
РСХБ 11В1,ru000a0zzy59,TCS00A0ZZY59
ПЗ Пушкинское 001Р-01,ru000a107761,TCS00A107761
Группа Позитив 001Р-01,ru000a109098,TCS10A109098
ГПБ (АО) БО-17,ru000a0zyee5,BBG00J3T6HB5
Омская область выпуск 4,ru000a102dr8,BBG00YC4R9B2
Альфа-Банк ЗО-02,ru000a107a69,BBG01KS6P459
ТД Синтеком,ru000a103g83,TCS10A103G83
Газпром капитал БО-001Р-05,ru000a106672,TCS00A106672
Магнит БО-004Р-01,ru000a105kq8,TCS00A105KQ8
ОФЗ 26207,su26207rmfs9,BBG002PD3452
О'КЕЙ выпуск 5,ru000a106ah6,RU000A106AH6
КАМАЗ БО-10,ru000a0zz877,BBG00L1HHXK1
ГТЛК выпуск 18,ru000a101sc0,BBG00VDF68J9
Интерлизинг выпуск 7,ru000a1077x0,TCS00A1077X0
Охта Групп выпуск 2,ru000a1040v2,TCS00A1040V2
ФосАгро БО-П01-CNY,ru000a1063z5,TCS00A1063Z5
Уральская Сталь БО-1Р-2,ru000a1066a1,TCS00A1066A1
ОФЗ 29006,su29006rmfs2,BBG007Z13SN3
Селлер выпуск 2,ru000a106x30,BBG01JFY08Z0
Лукойл ЗО-27,ru000a1059p4,TCS00A1059P4
Новотранс выпуск 4,ru000a106sp1,BBG01J3GKKC8
РУСАЛ БО-001Р-02,ru000a105pq7,TCS00A105PQ7
ОФЗ 26240,su26240rmfs0,BBG011MLGP84
Интерлизинг выпуск 6,ru000a106sf2,TCS00A106SF2
Роснефть 002P-08,ru000a100ky3,BBG00PT2Y9D7
МСБ-Лизинг 003Р-01,ru000a106d18,TCS00A106D18
Газпром нефть 003P-01R,ru000a101137,BBG00QV17ZZ2
РКК выпуск 2,ru000a105zw4,TCS00A105ZW4
Карачаево-Черкесская республика выпуск 1,ru000a0zyl22,BBG00JKX1H22
СибАвтоТранс 001Р-02,ru000a106cb5,TCS00A106CB5
Славнефть 002P-05,ru000a108zh9,TCS00A108ZH9
Сбербанк 002СУБ-02R,ru000a102hc1,BBG00Z0WNXM9
ГТЛК выпуск 10,ru000a0zz984,BBG00L42J441
МОЭСК 001P выпуск 2,ru000a101fy1,BBG00RVF4P66
ОФЗ 26228,su26228rmfs5,BBG00NZHWSQ8
ВТБ СУБ выпуск 5,ru000a1034p7,BBG01172JM41
Газпром нефть 003P-12R,ru000a108pz2,TCS10A108PZ2
Лукойл ЗО-26,ru000a1059n9,TCS00A1059N9
РКК выпуск 3,ru000a106gz5,TCS00A106GZ5
Мой самокат БО-01,ru000a107pe9,BBG01L9XJRL7
Новосибирская область,ru000a1011q3,BBG00QXSLFN2
Магнит БО-004Р-03,ru000a105tp1,TCS00A105TP1
РЕСО-Лизинг ООО БО-П-22,ru000a106dp3,TCS00A106DP3
Банк ВТБ СУБ-Т1-8,ru000a103s89,BBG012TYKR42
Байсэл 001P-01,ru000a1094u1,TCS00A1094U1
РЖД 1P-27R,ru000a106vv3,TCS00A106VV3
Банк ВТБ СУБ-Т2-1,ru000a102879,BBG00XV97H44
Банк ВТБ Б-1-357,ru000a1094v9,BBG01P2TKQW2
Кировский завод выпуск 1,ru000a101s99,BBG00VCVRQQ4
Делимобиль 1Р-02,ru000a106a86,TCS00A106A86
Сегежа 002P выпуск 5,ru000a1053p7,TCS00A1053P7
ПервКонтейнерТерминал оббП01,ru000a108ac3,TCS00A108AC3
Транс-Миссия БО-02,ru000a107fg5,TCS10A107FG5
СОПФ Инфраструктурные облигации 05,ru000a1068t7,TCS00A1068T7
ПЗ Пушкинское 001P-02,ru000a107lu4,TCS00A107LU4
Глобал Факторинг Нетворк Рус БО-05-001P,ru000a108vz0,BBG01NLJ9DS5
Республика Беларусь выпуск 7,ru000a100d89,BBG00TQHNK64
МегаФон БО-002Р-07,ru000a109sz4,TCS00A109SZ4
АФК Система выпуск 14,ru000a101xn7,BBG00WCMMJ92
Ритейл Бел Финанс 001P-01,ru000a101qf7,BBG00V92X4F6
Лизинг трейд выпуск 3,ru000a1034x1,BBG00A1034X1
"Агентство Судебного Взыскания, БО-02-001P",ru000a1089l0,TCS00A1089L0
МК Лизинг БО-01,ru000a107720,BBG01K4S4Z88
ЛК РОДЕЛЕН 001P-03,ru000a105m59,TCS00A105M59
Санкт-Петербург выпуск 1,ru000a0zyhx8,BBG00JCTFXS2
Авто Финанс Банк выпуск 10,ru000a105hn1,TCS00A105HN1
Нафтатранс Плюс выпуск 5,ru000a106y21,BBG01JJMP6T6
МФК Быстроденьги 2P-02,ru000a106b51,TCS00A106B51
Легенда 002P-03,ru000a108pc1,BBG01NBKSYH8
ТМК выпуск 7,ru000a0jxsf8,BBG00GTVSP62
МТС 002Р-04,ru000a1083u4,BBG01M7RCPW9
Вымпелком 001Р-06,ru000a105ty3,TCS00A105TY3
ВЭБ.РФ выпуск 4,ru000a106ll5,BBG01HQGYGR5
Ренессанс Кредит выпуск 4,ru000a102h83,BBG00YJKHN65
Талан-Финанс выпуск 3,ru000a1043b8,BBG013PS4RH1
Петроинжиниринг выпуск 1,ru000a103rl9,BBG012SMKJQ3
Росагролизинг 001P-05,ru000a108447,BBG01M7RFN97
Совкомбанк СЗО-04,ru000a107e99,TCS00A107E99
Реиннольц,ru000a105ls2,TCS00A105LS2
Пионер-Лизинг-БО-П02,ru000a1006c3,BBG00NLMHM55
Сибирский КХП 001P-02,ru000a107p62,BBG01L9X56G4
Новосибирская область 34024,ru000a1099s4,TCS00A1099S4
ОФЗ 52002,su52002rmfs1,BBG00KFLDC92
Завод КЭС выпуск 2,ru000a102ab8,TCS20A102AB8
МКБ ЗО-2021,ru000a108l24,BBG01N5Z11P4
Роял Капитал БО-П08,ru000a1056q8,TCS00A1056Q8
ППК РЭО выпуск 1,ru000a105rw1,TCS00A105RW1
РЖД 001Р-28R,ru000a106zl5,TCS00A106ZL5
ММЦБ выпуск 2,ru000a105054,TCS00A105054
ОФЗ 26226,su26226rmfs9,BBG00N8J90K7
ФосАгро ЗО25-Д,ru000a106g31,TCS00A106G31
ГТЛК 002Р-02,ru000a105kb0,TCS00A105KB0
Совкомбанк Лизинг выпуск 7,ru000a1099v8,TCS00A1099V8
Russia 2047,ru000a0jxu14,TCS20A0JXU14
Солид-Лизинг БО-02,ru000a107w71,TCS00A107W71
МФК Т-Финанс оббП01,ru000a109kt4,TCS70A109KT4
ГТЛК ЗО28-Д,ru000a107cx7,TCS00A107CX7
ВЭБ.РФ,ru000a104z48,TCS00A104Z48
ФосАгро БО-П01,ru000a106516,TCS00A106516
Норильский никель ЗО26-Д,ru000a107c67,TCS00A107C67
РЖД 001Р выпуск 8,ru000a0zzgt5,BBG00LPNW7Y7
ДиректЛизинг выпуск 7,ru000a103s30,TCS00A103S30
Глобал Факторинг Нетворк Рус БО-04-001P,ru000a107cj6,BBG01KJ9F2L0
Ростелеком 001Р-07R,ru000a108gr8,TCS00A108GR8
Газпром Капитал ЗО27-1-ФР,ru000a105xa5,RU000A105XA5
Росагролизинг выпуск 1,ru000a101r09,BBG00V9TL7F3
Унител БО-П01,ru000a107f07,BBG01KT3CC24
ДОМ.РФ 001P-15R,ru000a1065k2,TCS00A1065K2
ДОМ.РФ ИА 09,ru000a102jb9,TCS00A102JB9
ДОМ.РФ ИА 002P,ru000a0zyjt2,BBG00JGG2N11
Саммит 001P-03,ru000a107s85,TCS00A107S85
Ferroni выпуск 1,ru000a103xp8,BBG01391D0C2
Джи-групп выпуск 5,ru000a109981,TCS00A109981
Завод КЭС выпуск 3,ru000a105aw7,TCS20A105AW7
Газпромбанк 001P выпуск 14,ru000a101350,BBG00QYTBB95
АФК Система выпуск 10,ru000a1008j4,BBG00NRGHQQ0
МФК Быстроденьги,ru000a104sj9,TCS00A104SJ9
Роснефть БО-03,ru000a0jv1x3,BBG00838FFR2
Плаза-Телеком БО-02,ru000a108e80,BBG01MW2N6R2
Томск выпуск 7,ru000a1018a2,BBG00R7TNJ39
Лукойл ЗО-31,ru000a1059r0,TCS00A1059R0
МТС 002Р-06,ru000a109312,TCS00A109312
Газпром Капитал БО-002P-10,ru000a107084,TCS00A107084
МегаФон БО-2 выпуск 3,ru000a1065s5,TCS00A1065S5
Электрорешения выпуск 1,ru000a106hf5,TCS00A106HF5
Gazprom,xs0316524130,BBG0000JWX54
ИНК-Капитал выпуск 1,ru000a104a39,TCS00A104A39
Соби-Лизинг 001Р-03,ru000a1078h1,TCS00A1078H1
Моторика БО-01,ru000a1071q7,TCS00A1071Q7
Северсталь выпуск 6,ru000a1008w7,BBG00NTZTZ47
ЕАБР 003Р-003,ru000a1057b8,TCS00A1057B8
Автоотдел БО-01,ru000a108ce5,TCS00A108CE5
ВИС Финанс выпуск 1,ru000a102952,BBG00XYH8FH2
ДОМ.РФ ИА БО выпуск 9,ru000a103n43,TCS00A103N43
Соби-Лизинг 001Р-04,ru000a107ee3,TCS00A107EE3
Новосибирская область выпуск 21,ru000a102895,BBG00XX7H140
Легенда 2Р-01,ru000a1067h4,TCS00A1067H4
ЛК РОДЕЛЕН 001P-04,ru000a105sk4,TCS00A105SK4
Банк ДОМ.РФ Зеленые облигации 001Р-01,ru000a105vr3,TCS00A105VR3
Гарант-Инвест 002Р-09,ru000a108g88,TCS00A108G88
МКБ ЗО-2027,ru000a108nq6,BBG01N8B8PP4
КарМани выпуск 2,ru000a1058u6,TCS00A1058U6
Газпром ЗО27-1-Д,ru000a1056u0,TCS20A1056U0
HENDERSON выпуск 1,ru000a103q08,TCS00A103Q08
Почта России,ru000a104v75,TCS00A104V75
АПРИ Флай Плэнинг БО-002Р-04,ru000a107fz5,BBG01KRN02R0
Новосибирская область 35023,ru000a107b19,TCS00A107B19
Пионер-Лизинг,ru000a104v00,TCS00A104V00
Ростелеком 002P-14R,ru000a1085d5,BBG01M8H7CF4
Газпром Капитал выпуск 7,ru000a106375,TCS00A106375
Russian Railways,rzd0527,BBG00P5B0SC9
Асфальтобетонный завод № 1 выпуск 3,ru000a105sx7,TCS00A105SX7
СУЭК-Финанс выпуск 6,ru000a102986,BBG00XZ95JN7
Фордевинд 04,ru000a106se5,BBG01J35GSR4
Авто Финанс Банк БO-001P-11,ru000a107hr8,TCS00A107HR8
АФК Система выпуск 20,ru000a103372,BBG0110X9D23
ФСК Россети 001P-06R,ru000a105559,TCS00A105559
УК ОРГ выпуск 3,ru000a106ub7,BBG01J7V84Q6
Славянск ЭКО 001Р-03Y,ru000a1080z9,TCS00A1080Z9
МКПАО ОК РУСАЛ оббП11,ru000a109jy6,TCS00A109JY6
Газпром Капитал ЗО26-1-Д,ru000a105rg4,TCS00A105RG4
Газпром Капитал ЗО25-2-Е,ru000a105wj8,TCS00A105WJ8
Светофор Групп выпуск 2,ru000a1020w2,BBG00WMMMHJ4
МОЭК выпуск 4,ru000a101xs6,BBG00WFCV2B5
Позитив Текнолоджиз выпуск 2,ru000a105jg1,TCS00A105JG1
ОФЗ-ПД245,su26245rmfs9,BBG01NCKKHL7
Курская область выпуск 1,ru000a0zycd1,BBG00HT45YG5
Группа ЛСР 001P-09,ru000a1082x0,TCS00A1082X0
ГТЛК ЗО27-Д,ru000a107b43,TCS00A107B43
Феррони БО-01,ru000a1053r3,BBG01B19SXC7
БИЗНЕС АЛЬЯНС 001P-06,ru000a109b82,TCS00A109B82
Ростелеком 002P выпуск 2,ru000a101fg8,BBG00RT7J0J2
ГК Самолет выпуск 11,ru000a104jq3,BBG015CD9YL8
ЕвроТранс 002Р-02,ru000a108d81,TCS00A108D81
ППК РЭО выпуск 2,ru000a106169,TCS00A106169
Альфа-Банк выпуск 2Р-20 CNY,ru000a105nh1,TCS00A105NH1
ОФЗ 26232,su26232rmfs7,BBG00R0Z4YW8
АФК Система выпуск 23,ru000a104693,TCS00A104693
АФК Система выпуск 8,ru000a0zywu3,BBG00K4MR057
ГК Пионер-001Р выпуск 5,ru000a102kg6,BBG00YN4P9Q6
Росагролизинг выпуск 2,ru000a102ta0,BBG00ZHZ4Q86
ПИК-Корпорация выпуск 5,ru000a105146,TCS10A105146
Порт Ревяк БО-01,ru000a109783,TCS00A109783
Агротек выпуск 1,ru000a105qz6,TCS00A105QZ6
Аренза-Про выпуск 2,ru000a106gc4,TCS10A106GC4
Медси выпуск 001Р-02,ru000a105yb1,TCS00A105YB1
Alfa 2030,xs2063279959,TCS163279959
Селектел выпуск 2,ru000a105fs4,TCS00A105FS4
Полюс ПБО-03,ru000a105vc5,TCS00A105VC5
Мани Капитал 001P-02,ru000a1079g1,BBG01KD7BGM2
ЭнергоТехСервис выпуск 4,ru000a103828,TCS00A103828
Роял Капитал БО-П10,ru000a1079h9,TCS00A1079H9
Сбербанк,ru000a103g42,BBG0122KNFV4
ЭкономЛизинг 001Р-06,ru000a1078y6,TCS00A1078Y6
Газпром Капитал ЗО28-1-Д,ru000a105r62,TCS00A105R62
Пионер-Лизинг-БО-П03,ru000a1013n6,BBG00QZ4PBD9
ОФЗ 29010,su29010rmfs4,BBG007Z5FFL1
МегаФон БО-002P-04,ru000a108qa3,TCS00A108QA3
ПРОМОМЕД ДМ 2P-01,ru000a1061a2,TCS00A1061A2
Газпромбанк выпуск 18,ru000a102gj8,BBG00YHX6J06
Соби-Лизинг 001Р-02,ru000a106ak0,TCS00A106AK0
АСПЭК-Домстрой выпуск 1,ru000a104b53,BBG0149NW6B9
А101 БО-001Р-01,ru000a108ku4,TCS00A108KU4
Трейдберри БО-01,ru000a106vn0,BBG01JJ0F5B6
Борец Капитал 001P-02,ru000a107br1,TCS00A107BR1
АйДи Коллект 07,ru000a108l65,BBG01N6BVHJ5
Восточная Стивидорная Компания выпуск 1,ru000a102g50,BBG00YGKVB04
Джой Мани 001P-01,ru000a107ew5,TCS00A107EW5
Вита Лайн 001Р выпуск 3,ru000a1036x6,TCS00A1036X6
Sultanate of Oman,oma0128,BBG00JQC34S1
VK выпуск 1,ru000a103qk3,TCS00A103QK3
Казахстан выпуск 7,ru000a101rv2,BBG00XH4RHP6
АПРИ Флай Плэнинг,ru000a105ds9,TCS10A105DS9
Газпром Капитал БЗО26-1-Е,ru000a105qx1,TCS00A105QX1
ВИС Финанс выпуск 3,ru000a1060y4,TCS00A1060Y4
РУСАЛ,ru000a105c44,TCS00A105C44
Акрон БО-001P-04,ru000a108jh3,TCS00A108JH3
Alfa Bank,ru000a100gw5,BBG00PNDYR58
РОСБАНК БО-003P-01,ru000a1062l7,TCS00A1062L7
Ойл Ресурс Групп БО-01,ru000a108b83,TCS00A108B83
ОФЗ 46020,su46020rmfs2,BBG0000776S2
МТС 001Р-24,ru000a105zp8,RU000A105ZP8
ВИС Финанс выпуск 5,ru000a107d33,TCS00A107D33
МТС Банк выпуск 2,ru000a1051u1,TCS00A1051U1
ДОМ.РФ Социальные облигации выпуск 1,ru000a103rd6,TCS00A103RD6
МегаФон БО-002P-05,ru000a108q94,BBG01NCD3Y08
Ростелеком,ru000a1051e5,TCS00A1051E5
ПАО НК Роснефть 001P-04,ru000a0jxqk2,BBG00GNG2N37
Ростелеком 2P-10R,ru000a105uu9,TCS00A105UU9
Джетленд БО-01,ru000a107g63,TCS00A107G63
Антерра БО-02,ru000a108fs8,TCS00A108FS8
Газпромбанк 003Р-01Р,ru000a106yh6,TCS00A106YH6
ГК Самолет выпуск 12,ru000a104yt6,TCS00A104YT6
Автодор БО-5 выпуск 4,ru000a106xm8,TCS00A106XM8
С-Принт 001P-01,ru000a108be7,TCS00A108BE7
Самолет БО-П08,issuancesamo,ISSUANCESAMO
ДОМ.РФ 002Р-04,ru000a108fc2,TCS00A108FC2
РСХБ выпуск БО-02-002Р,ru000a1068r1,TCS00A1068R1
Домодедово Фьюэл Фасилитис,ru000a105mp6,TCS00A105MP6
Банк ДОМ.РФ СУБ-Т2-1,ru000a105xg2,TCS00A105XG2
Верхнебаканский цементный завод 001P выпуск 1,ru000a0zylk7,BBG00JM14CY3
Ростелеком 001 выпуск 5,ru000a100881,BBG00NQKWGH7
ДОМ.РФ ИА 08,ru000a102gd1,TCS00A102GD1
ПЕРВОУРАЛЬСКБАНК 001P-01,ru000a108y60,TCS00A108Y60
Новые Технологии выпуск 2,ru000a106pw3,TCS00A106PW3
Элемент Лизинг 001P выпуск 6,ru000a1071u9,TCS00A1071U9
Газпром нефть 001P-04R,ru000a0zylc4,BBG00JLWSJK0
Сбербанк России обб2П05,ru000a1092x9,TCS00A1092X9
Россети Московский регион 001P-06,ru000a108p61,TCS00A108P61
Плаза-Телеком БО-01,ru000a106yd5,TCS00A106YD5
Россети 001Р-11R,ru000a107cg2,BBG01KJP2PN5
Племзавод Пушкинское 001P-03,ru000a1080y2,TCS00A1080Y2
Гарант-Инвест 2Р-06,ru000a106862,TCS00A106862
М.Видео выпуск 3,ru000a104zk2,TCS00A104ZK2
ПР-Лизинг выпуск 3,ru000a100q35,BBG00PZ6T956
Альфа-Банк ЗО-850,ru000a108q29,TCS10A108Q29
Балтийский лизинг БО-П10,ru000a108777,BBG01MLH36H4
Газпром нефть 003P-11R,ru000a107ux9,BBG01LR5GFP3
Нафтатранс Плюс выпуск 3,ru000a102v51,BBG00ZQYML62
Роснефть CNY,ru000a1057s2,TCS70A1057S2
Металлоинвест 001P-05,ru000a1071s3,TCS00A1071S3
ВЭБ.РФ ПБО-001P-18,ru000a1013p1,BBG00QZ4NY96
Магаданская область 34002,ru000a105nt6,TCS00A105NT6
Чистая планета БО-01,ru000a1070p1,TCS00A1070P1
Балтийский лизинг БО-П11,ru000a108p46,TCS00A108P46
МБЭС 002P-03,ru000a108q03,BBG01NCF53H1
Восточная Стивидорная Компания выпуск 2,ru000a104362,TCS00A104362
Газпромбанк 005P-01P,ru000a107a28,BBG01KD76W34
Ростелеком 001Р-08R,ru000a108lf3,BBG01N73KD12
ПЮДМ БО-П2,ru000a1020k7,BBG00X0SRV34
Novabev Group БО-П04,ru000a102gu5,TCS00A102GU5
АФК Система выпуск 16,ru000a102fs1,BBG00YG1RQV4
Сибнефтехимтрейд БО-03,ru000a107a93,BBG01KDSD7B6
Энергоника 001Р-03,ru000a105492,TCS00A105492
Почта России выпуск 3,ru000a0jxs59,BBG00GTQYBZ5
Урожай БО-05,ru000a108u49,TCS00A108U49
Газпром капитал ЗО27-2-Д,ru000a105jh9,TCS00A105JH9
Якут-35016,ru000a109l72,RU000A109L72
Т.Г. Шевченко выпуск 3,ru000a104z89,TCS00A104Z89
МГКЛ выпуск 3,ru000a106fw4,TCS00A106FW4
РУСАЛ CNY выпуск 6,ru000a107rh8,TCS01A107RH8
ГТЛК выпуск 17,ru000a101ql5,BBG00V6NXQF4
ГТЛК 002P выпуск 1,ru000a102vr0,BBG00ZRZX9T8
МСБ-Лизинг 003Р-02,ru000a107c91,BBG01KHKGJZ4
МСБ-Лизинг 003Р-03,ru000a108aj8,BBG01MJ9FB27
Интерлизинг выпуск 9,ru000a109dv5,TCS00A109DV5
Газпром Капитал 001Б-02,ru000a1039a8,BBG011KF5WV0
ИЭК Холдинг 001P-01,ru000a105pr5,TCS00A105PR5
ЕАБР,ru000a1050h0,TCS00A1050H0
ВсеИнструменты.ру 001P-01,ru000a107gj7,BBG01KS0CW90
ЛСР выпуск 7,ru000a103px8,TCS00A103PX8
РЖД,ru000a104sx0,TCS00A104SX0
РЖД ЗО26-2-Р,ru000a1084q0,BBG01N37PNG4
ТЕХНО Лизинг выпуск 5,ru000a103ts0,BBG012STNNH6
Аэрофьюэлз 002Р-02,ru000a107aw3,BBG01KDTPXR7
Москва выпуск 74,ru000a1033z8,BBG011616RM7
РСХБ выпуск T1,ru000a0zz4t1,BBG00KSL6M30
ОФЗ 26225,su26225rmfs1,BBG00K53FX22
Бизнес Альянс 001Р-04,ru000a107qm0,BBG01LC2XW43
СФО ВТБ РКС Эталон 02,ru000a1062j1,TCS00A1062J1
ЭкономЛизинг 001P-07,ru000a107sx3,BBG01LLS9GH4
Роснефть CNY,ru000a1057s2,TCS00A1057S2
Норильский никель БО-09,ru000a1069n8,TCS00A1069N8
ДАРС-Девелопмент выпуск 1,ru000a106um4,TCS00A106UM4
Росэксимбанк 002Р-05,ru000a108zt4,TCS00A108ZT4
Газпром Капитал БЗО26-1-Д,ru000a105qw3,TCS00A105QW3
Ульяновская область выпуск 4,ru000a1040s8,BBG013K08ZC0
РЖД 001P-33R,ru000a109pf2,TCS20A109PF2
Russia 2030,xs0114288789,TCS214288789
НКНХ выпуск 1,ru000a0zzz17,BBG00MT69C64
Russia 2025 EUR,ru000a0zzve6,TCS00A0ZZVE6
Ярославская область выпуск 16,ru000a0zzem5,BBG00LLCGZL5
ДОМ.РФ ИА БО-001Р-08,ru000a1031k4,TCS00A1031K4
Gazprom Perp USD,xs2243631095,BBG00XV2BDX1
АФК Система 001Р-29,ru000a108gl1,TCS00A108GL1
Автодор БО-5P-01,ru000a106fr4,TCS00A106FR4
Атомстройкомплекс БО-П01,ru000a102vy6,TCS00A102VY6
Почта России выпуск 5,ru000a0zz5j9,BBG00KTDNXH9
Whoosh выпуск 2,ru000a106hb4,TCS00A106HB4
Russia 2029,ru000a0zyyn4,TCS20A0ZYYN4
ГТЛК выпуск 9,ru000a0zz1j8,BBG00KHR8SP0
ГТЛК выпуск 11,ru000a0zzal5,BBG00L92CX58
ПКБ 001Р-04,ru000a108cc9,TCS00A108CC9
ARAB REPUBLIC,egpt0431,BBG00NTC1SR9
Бианка Премиум БО-01,ru000a1097x8,TCS00A1097X8
СПМК БО-02,ru000a106fn3,TCS00A106FN3
Лизинг-Трейд 001P-06,ru000a105rf6,TCS00A105RF6
ЕвроТранс БО-001P-03,ru000a1061k1,TCS00A1061K1
СИБУР Холдинг 001Р выпуск 1,ru000a104xw2,TCS00A104XW2
Завод КЭС выпуск 4,ru000a106qs9,TCS00A106QS9
ТМК 001Р выпуск 3,ru000a102tj1,TCS00A102TJ1
ВЭБ.РФ ПБО-001Р-34,ru000a105ju2,TCS00A105JU2
РУСАЛ БО-001Р-08,ru000a1094g0,TCS00A1094G0
МГКЛ,ru000a104xj9,TCS00A104XJ9
Russia 2035,ru000a1006s9,TCS10A1006S9
МФК ВЭББАНКИР 001Р-04,ru000a107u65,BBG01LNRJ293
СОПФ Инфраструктурные облигации выпуск 6,ru000a106p97,TCS00A106P97
Аренза-Про выпуск 1,ru000a104c78,TCS10A104C78
РЕСО-Лизинг БО-02П-02,ru000a105hh3,TCS00A105HH3
Почта России,ru000a104w17,TCS00A104W17
Краснодар,ru000a102kt9,BBG00YPG6YH3
МКБ ЗО25-2,ru000a1086m4,TCS10A1086M4
МаксимаТелеком выпуск 1,ru000a101xd8,TCS00A101XD8
Газпром Капитал ЗО30-1-Д,ru000a105sg2,TCS00A105SG2
Московская область 34013,ru000a101988,BBG00R83JK91
РЖД выпуск 23,ru000a0jqrd9,BBG0000K94P9
ДОМ.РФ ИА 001Р-25,ru000a105h23,TCS00A105H23
Rolls-Royce PLC,usg76237ac37,BBG00XV1FN94
Газпром Капитал БО-003Р-02,ru000a108jv4,TCS00A108JV4
Феррони БО-02,ru000a105p64,TCS00A105P64
Газпром Капитал ЗО26-1-Е,ru000a105wh2,TCS00A105WH2
Симпл Солюшнз Кэпитл 001P-01,ru000a107sg8,TCS00A107SG8
АФК Система выпуск 19,ru000a102sx4,BBG00ZHPT667
Селектел выпуск 3,ru000a106r95,TCS00A106R95
Свердловская область 35008,ru000a101z17,BBG00WCNNR91
ОФЗ 26235,su26235rmfs0,BBG00Y04Q3V7
Первое коллекторское бюро 001Р выпуск 3,ru000a1047s3,BBG0140BZS87
ЕАБР 003P-006,ru000a105v90,TCS00A105V90
Миррико БО-П01,ru000a109221,TCS00A109221
ОФЗ 26236,su26236rmfs8,BBG00YB8K0V8
ЕвроХим выпуск 8,ru000a101lj0,BBG00TCWB8X6
Сегежа 002P выпуск 2,ru000a1043g7,TCS00A1043G7
АФК Система выпуск 27,ru000a107gx8,TCS00A107GX8
КАМАЗ оббП12,ru000a109jw0,TCS00A109JW0
Альфа-Банк 002Р-25,ru000a107am4,BBG01KDRMG91
Лизинг-Трейд 001P-10,ru000a107480,TCS00A107480
ТМК ЗО-2027,ru000a107jn3,TCS00A107JN3
ОФЗ 26219,su26219rmfs4,BBG00D6Q7LY6
НК Продкорпорация выпуск 1,ru000a102bf7,TCS00A102BF7
МФК Быстроденьги 002P-05,ru000a107pw1,BBG01L90KW54
АФК Система выпуск 15,ru000a1023k1,BBG00X5FK880
ОФЗ 52005,su52005rmfs4,BBG01FVH2C22
Саммит 001P-02,ru000a107az6,BBG01KFSCQ78
Ульяновская область 34009,ru000a109rr3,TCS10A109RR3
МигКредит выпуск 3,ru000a106uk8,BBG01J7V2C39
БЭЛТИ-ГРАНД БО-П05,ru000a105427,TCS00A105427
ФЭС-Агро выпуск 1,ru000a106p63,TCS00A106P63
ИНАРКТИКА выпуск 2,ru000a107w48,TCS00A107W48
Лизинг-Трейд 001P-05,ru000a1053h4,TCS00A1053H4
АБЗ-1 001Р-05,ru000a1070x5,TCS00A1070X5
Уральская Сталь выпуск 1,ru000a105q63,TCS00A105Q63
МСБ-Лизинг 002P выпуск 5,ru000a103vd8,BBG012YS2TP2
Альфа-Банк 002Р-18,ru000a105hj9,TCS00A105HJ9
ЕвроХим выпуск 7,ru000a101l96,BBG00T7HZJG4
ГК Пионер-001P выпуск 6,ru000a104735,TCS00A104735
Ростелеком выпуск 3,ru000a0zyg52,BBG00J7HHGH1
